{"Val Total PSNR":20.841359,"Train Total SSIM":0.002503,"Train Total RMSE":3.725288,"_wandb":{"runtime":23},"_step":0,"Present Epoch":1,"Total Epoch":200,"Val Total RMSE":3.267463,"_runtime":23.609466859,"Val Total Loss":10.691904,"Val Total SSIM":0.040664,"_timestamp":1.7324207672647433e+09,"Train Total PSNR":19.186483,"Train Total Loss":14.001601}