{"_runtime":5616.595442541,"_step":249,"Present Epoch":250,"Total Epoch":250,"_wandb":{"runtime":5616},"Train Total Loss":10.5901,"Val Total Loss":30.33228,"_timestamp":1.7323678828964977e+09}