{"Present Epoch":9,"Total Epoch":600,"Train Total Loss":7.135178,"Val Total Loss":6.842108,"_wandb":{"runtime":67},"_timestamp":1.7341590957271063e+09,"_runtime":65.674491809,"_step":8}