{"Present Epoch":8,"Total Epoch":600,"Train Total Loss":7.882428,"_wandb":{"runtime":72},"Val Total Loss":7.292032,"_timestamp":1.734158382297178e+09,"_runtime":32.655859049,"_step":7}