{"_timestamp":1.7341581827921994e+09,"_runtime":7.191736084,"_wandb":{"runtime":7},"_step":0,"Present Epoch":1,"Total Epoch":600,"Train Total Loss":16.293052,"Val Total Loss":14.162852}