{"_step":0,"Val Total SSIM":0.041596,"Total Epoch":200,"Train Total Loss":14.001588,"_wandb":{"runtime":22},"_timestamp":1.732420902389193e+09,"Present Epoch":1,"_runtime":22.609515692,"Train Total PSNR":19.186489,"Val Total PSNR":20.849411,"Val Total Loss":10.67183,"Train Total RMSE":3.725286,"Train Total SSIM":0.002498,"Val Total RMSE":3.264415}