{"Val Total Loss":10.681937,"Train Total RMSE":3.725282,"Present Epoch":1,"_step":0,"Train Total SSIM":0.002504,"Train Total PSNR":19.186498,"Val Total RMSE":3.265945,"_wandb":{"runtime":21},"Train Total Loss":14.001559,"Total Epoch":200,"Val Total SSIM":0.04129,"_timestamp":1.7324222231841435e+09,"_runtime":21.940873837,"Val Total PSNR":20.845375}