{"Val Total Loss":6.851054,"_timestamp":1.7341587084197044e+09,"_runtime":71.646778923,"_step":8,"Present Epoch":9,"_wandb":{"runtime":74},"Total Epoch":600,"Train Total Loss":7.13515}