{"Present Epoch":9,"Total Epoch":600,"_wandb":{"runtime":67},"Train Total Loss":7.135075,"Val Total Loss":6.85645,"_timestamp":1.734158936504946e+09,"_runtime":65.059428102,"_step":8}