{"Val Total Loss":14.164038,"_timestamp":1.7341583040683503e+09,"_runtime":7.5502320659999995,"_step":0,"Present Epoch":1,"_wandb":{"runtime":7},"Total Epoch":600,"Train Total Loss":16.293058}